Baseline_Model_ID,Context_Length,Metric,BareTorch_Matched_Value,Baseline_Value,BareTorch_Advantage
meta-llama/Llama-3.2-1B,2048,Prefill_Latency_ms,44.36,58.3,+23.91%
meta-llama/Llama-3.2-1B,2048,Local_GPU_Decode_tok_s,245.5,89.41,2.75x
meta-llama/Llama-3.2-1B,2048,Active_Cache_MB,11.38,64.0,-82.22%
meta-llama/Llama-3.2-1B,2048,Projected_FPS_raspberry_pi_5,7.34,7.19,1.02x
meta-llama/Llama-3.2-1B,2048,Projected_FPS_qualcomm_8_gen3,25.91,25.38,1.02x
meta-llama/Llama-3.2-1B,2048,Projected_FPS_iphone_16_pro,64.78,63.44,1.02x
meta-llama/Llama-3.2-1B,2048,Projected_FPS_apple_m3_max,129.57,126.88,1.02x
meta-llama/Llama-3.2-1B,4096,Prefill_Latency_ms,84.79,112.89,+24.89%
meta-llama/Llama-3.2-1B,4096,Local_GPU_Decode_tok_s,253.61,94.85,2.67x
meta-llama/Llama-3.2-1B,4096,Active_Cache_MB,22.44,128.0,-82.47%
meta-llama/Llama-3.2-1B,4096,Projected_FPS_raspberry_pi_5,7.31,7.0,1.04x
meta-llama/Llama-3.2-1B,4096,Projected_FPS_qualcomm_8_gen3,25.79,24.72,1.04x
meta-llama/Llama-3.2-1B,4096,Projected_FPS_iphone_16_pro,64.48,61.81,1.04x
meta-llama/Llama-3.2-1B,4096,Projected_FPS_apple_m3_max,128.97,123.62,1.04x
meta-llama/Llama-3.2-1B,8192,Prefill_Latency_ms,167.98,244.69,+31.35%
meta-llama/Llama-3.2-1B,8192,Local_GPU_Decode_tok_s,253.52,85.54,2.96x
meta-llama/Llama-3.2-1B,8192,Active_Cache_MB,44.57,256.0,-82.59%
meta-llama/Llama-3.2-1B,8192,Projected_FPS_raspberry_pi_5,7.24,6.66,1.09x
meta-llama/Llama-3.2-1B,8192,Projected_FPS_qualcomm_8_gen3,25.56,23.51,1.09x
meta-llama/Llama-3.2-1B,8192,Projected_FPS_iphone_16_pro,63.89,58.78,1.09x
meta-llama/Llama-3.2-1B,8192,Projected_FPS_apple_m3_max,127.78,117.56,1.09x
meta-llama/Llama-3.2-1B,16384,Prefill_Latency_ms,364.23,588.5,+38.11%
meta-llama/Llama-3.2-1B,16384,Local_GPU_Decode_tok_s,220.11,89.94,2.45x
meta-llama/Llama-3.2-1B,16384,Active_Cache_MB,88.82,512.0,-82.65%
meta-llama/Llama-3.2-1B,16384,Projected_FPS_raspberry_pi_5,7.11,6.07,1.17x
meta-llama/Llama-3.2-1B,16384,Projected_FPS_qualcomm_8_gen3,25.09,21.41,1.17x
meta-llama/Llama-3.2-1B,16384,Projected_FPS_iphone_16_pro,62.73,53.54,1.17x
meta-llama/Llama-3.2-1B,16384,Projected_FPS_apple_m3_max,125.47,107.07,1.17x
meta-llama/Llama-3.2-1B,32768,Prefill_Latency_ms,794.21,1423.79,+44.22%
meta-llama/Llama-3.2-1B,32768,Local_GPU_Decode_tok_s,170.43,96.14,1.77x
meta-llama/Llama-3.2-1B,32768,Active_Cache_MB,177.32,1024.0,-82.68%
meta-llama/Llama-3.2-1B,32768,Projected_FPS_raspberry_pi_5,6.86,5.15,1.33x
meta-llama/Llama-3.2-1B,32768,Projected_FPS_qualcomm_8_gen3,24.22,18.17,1.33x
meta-llama/Llama-3.2-1B,32768,Projected_FPS_iphone_16_pro,60.55,45.43,1.33x
meta-llama/Llama-3.2-1B,32768,Projected_FPS_apple_m3_max,121.09,90.86,1.33x
Qwen/Qwen2.5-1.5B-Instruct,2048,Prefill_Latency_ms,60.87,70.67,+13.87%
Qwen/Qwen2.5-1.5B-Instruct,2048,Local_GPU_Decode_tok_s,140.16,52.27,2.68x
Qwen/Qwen2.5-1.5B-Instruct,2048,Active_Cache_MB,19.62,56.0,-64.96%
Qwen/Qwen2.5-1.5B-Instruct,2048,Projected_FPS_raspberry_pi_5,5.87,5.8,1.01x
Qwen/Qwen2.5-1.5B-Instruct,2048,Projected_FPS_qualcomm_8_gen3,20.73,20.48,1.01x
Qwen/Qwen2.5-1.5B-Instruct,2048,Projected_FPS_iphone_16_pro,51.83,51.19,1.01x
Qwen/Qwen2.5-1.5B-Instruct,2048,Projected_FPS_apple_m3_max,103.66,102.39,1.01x
Qwen/Qwen2.5-1.5B-Instruct,4096,Prefill_Latency_ms,118.07,146.36,+19.33%
Qwen/Qwen2.5-1.5B-Instruct,4096,Local_GPU_Decode_tok_s,142.46,54.07,2.63x
Qwen/Qwen2.5-1.5B-Instruct,4096,Active_Cache_MB,38.75,112.0,-65.40%
Qwen/Qwen2.5-1.5B-Instruct,4096,Projected_FPS_raspberry_pi_5,5.84,5.7,1.02x
Qwen/Qwen2.5-1.5B-Instruct,4096,Projected_FPS_qualcomm_8_gen3,20.6,20.1,1.02x
Qwen/Qwen2.5-1.5B-Instruct,4096,Projected_FPS_iphone_16_pro,51.5,50.26,1.02x
Qwen/Qwen2.5-1.5B-Instruct,4096,Projected_FPS_apple_m3_max,102.99,100.51,1.02x
Qwen/Qwen2.5-1.5B-Instruct,8192,Prefill_Latency_ms,238.52,308.48,+22.68%
Qwen/Qwen2.5-1.5B-Instruct,8192,Local_GPU_Decode_tok_s,141.21,52.48,2.69x
Qwen/Qwen2.5-1.5B-Instruct,8192,Active_Cache_MB,77.0,224.0,-65.62%
Qwen/Qwen2.5-1.5B-Instruct,8192,Projected_FPS_raspberry_pi_5,5.76,5.49,1.05x
Qwen/Qwen2.5-1.5B-Instruct,8192,Projected_FPS_qualcomm_8_gen3,20.34,19.39,1.05x
Qwen/Qwen2.5-1.5B-Instruct,8192,Projected_FPS_iphone_16_pro,50.84,48.48,1.05x
Qwen/Qwen2.5-1.5B-Instruct,8192,Projected_FPS_apple_m3_max,101.69,96.96,1.05x
Qwen/Qwen2.5-1.5B-Instruct,16384,Prefill_Latency_ms,536.12,731.86,+26.75%
Qwen/Qwen2.5-1.5B-Instruct,16384,Local_GPU_Decode_tok_s,142.28,54.2,2.63x
Qwen/Qwen2.5-1.5B-Instruct,16384,Active_Cache_MB,153.5,448.0,-65.74%
Qwen/Qwen2.5-1.5B-Instruct,16384,Projected_FPS_raspberry_pi_5,5.62,5.13,1.10x
Qwen/Qwen2.5-1.5B-Instruct,16384,Projected_FPS_qualcomm_8_gen3,19.84,18.11,1.10x
Qwen/Qwen2.5-1.5B-Instruct,16384,Projected_FPS_iphone_16_pro,49.59,45.28,1.10x
Qwen/Qwen2.5-1.5B-Instruct,16384,Projected_FPS_apple_m3_max,99.18,90.56,1.10x
Qwen/Qwen2.5-1.5B-Instruct,32768,Prefill_Latency_ms,1201.43,1861.84,+35.47%
Qwen/Qwen2.5-1.5B-Instruct,32768,Local_GPU_Decode_tok_s,107.58,51.8,2.08x
Qwen/Qwen2.5-1.5B-Instruct,32768,Active_Cache_MB,306.5,896.0,-65.79%
Qwen/Qwen2.5-1.5B-Instruct,32768,Projected_FPS_raspberry_pi_5,5.36,4.53,1.18x
Qwen/Qwen2.5-1.5B-Instruct,32768,Projected_FPS_qualcomm_8_gen3,18.9,16.0,1.18x
Qwen/Qwen2.5-1.5B-Instruct,32768,Projected_FPS_iphone_16_pro,47.25,40.0,1.18x
Qwen/Qwen2.5-1.5B-Instruct,32768,Projected_FPS_apple_m3_max,94.51,79.99,1.18x
HuggingFaceTB/SmolLM2-1.7B-Instruct,2048,Prefill_Latency_ms,63.48,76.72,+17.26%
HuggingFaceTB/SmolLM2-1.7B-Instruct,2048,Local_GPU_Decode_tok_s,154.46,62.14,2.49x
HuggingFaceTB/SmolLM2-1.7B-Instruct,2048,Active_Cache_MB,24.56,384.0,-93.60%
HuggingFaceTB/SmolLM2-1.7B-Instruct,2048,Projected_FPS_raspberry_pi_5,5.3,4.77,1.11x
HuggingFaceTB/SmolLM2-1.7B-Instruct,2048,Projected_FPS_qualcomm_8_gen3,18.7,16.84,1.11x
HuggingFaceTB/SmolLM2-1.7B-Instruct,2048,Projected_FPS_iphone_16_pro,46.76,42.1,1.11x
HuggingFaceTB/SmolLM2-1.7B-Instruct,2048,Projected_FPS_apple_m3_max,93.52,84.21,1.11x
HuggingFaceTB/SmolLM2-1.7B-Instruct,4096,Prefill_Latency_ms,128.39,154.17,+16.72%
HuggingFaceTB/SmolLM2-1.7B-Instruct,4096,Local_GPU_Decode_tok_s,154.09,63.87,2.41x
HuggingFaceTB/SmolLM2-1.7B-Instruct,4096,Active_Cache_MB,48.56,768.0,-93.68%
HuggingFaceTB/SmolLM2-1.7B-Instruct,4096,Projected_FPS_raspberry_pi_5,5.26,4.32,1.22x
HuggingFaceTB/SmolLM2-1.7B-Instruct,4096,Projected_FPS_qualcomm_8_gen3,18.57,15.24,1.22x
HuggingFaceTB/SmolLM2-1.7B-Instruct,4096,Projected_FPS_iphone_16_pro,46.42,38.09,1.22x
HuggingFaceTB/SmolLM2-1.7B-Instruct,4096,Projected_FPS_apple_m3_max,92.84,76.19,1.22x
HuggingFaceTB/SmolLM2-1.7B-Instruct,8192,Prefill_Latency_ms,264.29,356.35,+25.83%
HuggingFaceTB/SmolLM2-1.7B-Instruct,8192,Local_GPU_Decode_tok_s,151.79,60.8,2.50x
HuggingFaceTB/SmolLM2-1.7B-Instruct,8192,Active_Cache_MB,96.56,1536.0,-93.71%
HuggingFaceTB/SmolLM2-1.7B-Instruct,8192,Projected_FPS_raspberry_pi_5,5.19,3.63,1.43x
HuggingFaceTB/SmolLM2-1.7B-Instruct,8192,Projected_FPS_qualcomm_8_gen3,18.3,12.8,1.43x
HuggingFaceTB/SmolLM2-1.7B-Instruct,8192,Projected_FPS_iphone_16_pro,45.76,32.0,1.43x
HuggingFaceTB/SmolLM2-1.7B-Instruct,8192,Projected_FPS_apple_m3_max,91.51,64.0,1.43x
HuggingFaceTB/SmolLM2-1.7B-Instruct,16384,Prefill_Latency_ms,607.83,830.03,+26.77%
HuggingFaceTB/SmolLM2-1.7B-Instruct,16384,Local_GPU_Decode_tok_s,138.54,59.71,2.32x
HuggingFaceTB/SmolLM2-1.7B-Instruct,16384,Active_Cache_MB,192.56,3072.0,-93.73%
HuggingFaceTB/SmolLM2-1.7B-Instruct,16384,Projected_FPS_raspberry_pi_5,5.04,2.75,1.83x
HuggingFaceTB/SmolLM2-1.7B-Instruct,16384,Projected_FPS_qualcomm_8_gen3,17.79,9.7,1.83x
HuggingFaceTB/SmolLM2-1.7B-Instruct,16384,Projected_FPS_iphone_16_pro,44.48,24.24,1.83x
HuggingFaceTB/SmolLM2-1.7B-Instruct,16384,Projected_FPS_apple_m3_max,88.97,48.48,1.84x
HuggingFaceTB/SmolLM2-1.7B-Instruct,32768,Prefill_Latency_ms,1278.61,OOM,N/A
HuggingFaceTB/SmolLM2-1.7B-Instruct,32768,Local_GPU_Decode_tok_s,100.42,OOM,N/A
HuggingFaceTB/SmolLM2-1.7B-Instruct,32768,Active_Cache_MB,384.56,OOM,N/A
HuggingFaceTB/SmolLM2-1.7B-Instruct,32768,Projected_FPS_raspberry_pi_5,4.78,OOM,N/A
HuggingFaceTB/SmolLM2-1.7B-Instruct,32768,Projected_FPS_qualcomm_8_gen3,16.86,OOM,N/A
HuggingFaceTB/SmolLM2-1.7B-Instruct,32768,Projected_FPS_iphone_16_pro,42.14,OOM,N/A
HuggingFaceTB/SmolLM2-1.7B-Instruct,32768,Projected_FPS_apple_m3_max,84.28,OOM,N/A
deepseek-ai/DeepSeek-R1-Distill-Qwen-1.5B,2048,Prefill_Latency_ms,68.52,71.2,+3.76%
deepseek-ai/DeepSeek-R1-Distill-Qwen-1.5B,2048,Local_GPU_Decode_tok_s,116.42,54.51,2.14x
deepseek-ai/DeepSeek-R1-Distill-Qwen-1.5B,2048,Active_Cache_MB,26.1,56.0,-53.39%
deepseek-ai/DeepSeek-R1-Distill-Qwen-1.5B,2048,Projected_FPS_raspberry_pi_5,5.1,5.05,1.01x
deepseek-ai/DeepSeek-R1-Distill-Qwen-1.5B,2048,Projected_FPS_qualcomm_8_gen3,18.01,17.83,1.01x
deepseek-ai/DeepSeek-R1-Distill-Qwen-1.5B,2048,Projected_FPS_iphone_16_pro,45.02,44.58,1.01x
deepseek-ai/DeepSeek-R1-Distill-Qwen-1.5B,2048,Projected_FPS_apple_m3_max,90.04,89.16,1.01x
deepseek-ai/DeepSeek-R1-Distill-Qwen-1.5B,4096,Prefill_Latency_ms,139.51,147.43,+5.37%
deepseek-ai/DeepSeek-R1-Distill-Qwen-1.5B,4096,Local_GPU_Decode_tok_s,117.26,53.97,2.17x
deepseek-ai/DeepSeek-R1-Distill-Qwen-1.5B,4096,Active_Cache_MB,51.6,112.0,-53.93%
deepseek-ai/DeepSeek-R1-Distill-Qwen-1.5B,4096,Projected_FPS_raspberry_pi_5,5.06,4.97,1.02x
deepseek-ai/DeepSeek-R1-Distill-Qwen-1.5B,4096,Projected_FPS_qualcomm_8_gen3,17.87,17.55,1.02x
deepseek-ai/DeepSeek-R1-Distill-Qwen-1.5B,4096,Projected_FPS_iphone_16_pro,44.69,43.87,1.02x
deepseek-ai/DeepSeek-R1-Distill-Qwen-1.5B,4096,Projected_FPS_apple_m3_max,89.37,87.73,1.02x
deepseek-ai/DeepSeek-R1-Distill-Qwen-1.5B,8192,Prefill_Latency_ms,284.17,308.33,+7.84%
deepseek-ai/DeepSeek-R1-Distill-Qwen-1.5B,8192,Local_GPU_Decode_tok_s,115.9,54.08,2.14x
deepseek-ai/DeepSeek-R1-Distill-Qwen-1.5B,8192,Active_Cache_MB,102.6,224.0,-54.20%
deepseek-ai/DeepSeek-R1-Distill-Qwen-1.5B,8192,Projected_FPS_raspberry_pi_5,4.99,4.82,1.04x
deepseek-ai/DeepSeek-R1-Distill-Qwen-1.5B,8192,Projected_FPS_qualcomm_8_gen3,17.61,17.0,1.04x
deepseek-ai/DeepSeek-R1-Distill-Qwen-1.5B,8192,Projected_FPS_iphone_16_pro,44.03,42.51,1.04x
deepseek-ai/DeepSeek-R1-Distill-Qwen-1.5B,8192,Projected_FPS_apple_m3_max,88.07,85.01,1.04x
deepseek-ai/DeepSeek-R1-Distill-Qwen-1.5B,16384,Prefill_Latency_ms,628.25,733.79,+14.38%
deepseek-ai/DeepSeek-R1-Distill-Qwen-1.5B,16384,Local_GPU_Decode_tok_s,117.72,53.06,2.22x
deepseek-ai/DeepSeek-R1-Distill-Qwen-1.5B,16384,Active_Cache_MB,204.6,448.0,-54.33%
deepseek-ai/DeepSeek-R1-Distill-Qwen-1.5B,16384,Projected_FPS_raspberry_pi_5,4.85,4.54,1.07x
deepseek-ai/DeepSeek-R1-Distill-Qwen-1.5B,16384,Projected_FPS_qualcomm_8_gen3,17.11,16.01,1.07x
deepseek-ai/DeepSeek-R1-Distill-Qwen-1.5B,16384,Projected_FPS_iphone_16_pro,42.78,40.03,1.07x
deepseek-ai/DeepSeek-R1-Distill-Qwen-1.5B,16384,Projected_FPS_apple_m3_max,85.56,80.05,1.07x
deepseek-ai/DeepSeek-R1-Distill-Qwen-1.5B,32768,Prefill_Latency_ms,1389.13,1877.12,+26.00%
deepseek-ai/DeepSeek-R1-Distill-Qwen-1.5B,32768,Local_GPU_Decode_tok_s,86.44,54.36,1.59x
deepseek-ai/DeepSeek-R1-Distill-Qwen-1.5B,32768,Active_Cache_MB,408.6,896.0,-54.40%
deepseek-ai/DeepSeek-R1-Distill-Qwen-1.5B,32768,Projected_FPS_raspberry_pi_5,4.59,4.06,1.13x
deepseek-ai/DeepSeek-R1-Distill-Qwen-1.5B,32768,Projected_FPS_qualcomm_8_gen3,16.19,14.34,1.13x
deepseek-ai/DeepSeek-R1-Distill-Qwen-1.5B,32768,Projected_FPS_iphone_16_pro,40.48,35.84,1.13x
deepseek-ai/DeepSeek-R1-Distill-Qwen-1.5B,32768,Projected_FPS_apple_m3_max,80.96,71.68,1.13x
google/gemma-2-2b-it,2048,Prefill_Latency_ms,83.2,122.74,+32.21%
google/gemma-2-2b-it,2048,Local_GPU_Decode_tok_s,174.21,42.67,4.08x
google/gemma-2-2b-it,2048,Active_Cache_MB,19.19,208.0,-90.77%
google/gemma-2-2b-it,2048,Projected_FPS_raspberry_pi_5,3.48,3.35,1.04x
google/gemma-2-2b-it,2048,Projected_FPS_qualcomm_8_gen3,12.28,11.83,1.04x
google/gemma-2-2b-it,2048,Projected_FPS_iphone_16_pro,30.71,29.57,1.04x
google/gemma-2-2b-it,2048,Projected_FPS_apple_m3_max,61.42,59.14,1.04x
google/gemma-2-2b-it,4096,Prefill_Latency_ms,162.87,276.07,+41.00%
google/gemma-2-2b-it,4096,Local_GPU_Decode_tok_s,166.58,41.81,3.98x
google/gemma-2-2b-it,4096,Active_Cache_MB,37.94,416.0,-90.88%
google/gemma-2-2b-it,4096,Projected_FPS_raspberry_pi_5,3.47,3.22,1.08x
google/gemma-2-2b-it,4096,Projected_FPS_qualcomm_8_gen3,12.24,11.37,1.08x
google/gemma-2-2b-it,4096,Projected_FPS_iphone_16_pro,30.6,28.43,1.08x
google/gemma-2-2b-it,4096,Projected_FPS_apple_m3_max,61.19,56.86,1.08x
google/gemma-2-2b-it,8192,Prefill_Latency_ms,356.08,665.89,+46.53%
google/gemma-2-2b-it,8192,Local_GPU_Decode_tok_s,150.82,40.6,3.71x
google/gemma-2-2b-it,8192,Active_Cache_MB,75.44,832.0,-90.93%
google/gemma-2-2b-it,8192,Projected_FPS_raspberry_pi_5,3.44,2.99,1.15x
google/gemma-2-2b-it,8192,Projected_FPS_qualcomm_8_gen3,12.15,10.56,1.15x
google/gemma-2-2b-it,8192,Projected_FPS_iphone_16_pro,30.37,26.4,1.15x
google/gemma-2-2b-it,8192,Projected_FPS_apple_m3_max,60.74,52.8,1.15x
google/gemma-2-2b-it,16384,Prefill_Latency_ms,732.97,OOM,N/A
google/gemma-2-2b-it,16384,Local_GPU_Decode_tok_s,128.61,OOM,N/A
google/gemma-2-2b-it,16384,Active_Cache_MB,150.44,OOM,N/A
google/gemma-2-2b-it,16384,Projected_FPS_raspberry_pi_5,3.39,OOM,N/A
google/gemma-2-2b-it,16384,Projected_FPS_qualcomm_8_gen3,11.97,OOM,N/A
google/gemma-2-2b-it,16384,Projected_FPS_iphone_16_pro,29.93,OOM,N/A
google/gemma-2-2b-it,16384,Projected_FPS_apple_m3_max,59.85,OOM,N/A
google/gemma-2-2b-it,32768,Prefill_Latency_ms,OOM,OOM,N/A
google/gemma-2-2b-it,32768,Local_GPU_Decode_tok_s,OOM,OOM,N/A
google/gemma-2-2b-it,32768,Active_Cache_MB,OOM,OOM,N/A
google/gemma-2-2b-it,32768,Projected_FPS_raspberry_pi_5,OOM,OOM,N/A
google/gemma-2-2b-it,32768,Projected_FPS_qualcomm_8_gen3,OOM,OOM,N/A
google/gemma-2-2b-it,32768,Projected_FPS_iphone_16_pro,OOM,OOM,N/A
google/gemma-2-2b-it,32768,Projected_FPS_apple_m3_max,OOM,OOM,N/A
